Name,Street,City,State,Zip,Latitude,Longitude,Accuracy Score,Accuracy Type,Number,Street,Unit Type,Unit Number,City,State,County,Zip,Country,Source,Census Year,State FIPS,County FIPS,Place Name,Place FIPS,Census Tract Code,Census Block Code,Census Block Group,Full FIPS,Metro/Micro Statistical Area Name,Metro/Micro Statistical Area Code,Metro/Micro Statistical Area Type,Combined Statistical Area Name,Combined Statistical Area Code,Metropolitan Division Area Name,Metropolitan Division Area Code
"Drive Thru Coronovrus Testing, Stratford Honeywell Field",1000 Main Street,Stratford,CT,6615,41.174527,-73.129193,1,range_interpolation,1000,Main St,,,Stratford,CT,Fairfield County,6615,US,TIGER/Lineå¨ dataset from the US Census Bureau,2019,9,9001,Stratford,974260,80600,2019,2,9.00E+13,"Bridgeport-Stamford-Norwalk, CT",14860,metropolitan,"New York-Newark, NY-NJ-CT-PA",408,,
Hartford Hospital Education and Resource Center,560 Hudson Street,Hartford,CT,6106,41.755756,-72.678303,1,rooftop,560,Hudson St,,,Hartford,CT,Hartford County,6106,US,Ciy of Hartford,2019,9,9003,Hartford,937000,500300,2001,2,9.00E+13,"Hartford-East Hartford-Middletown, CT",25540,metropolitan,"Hartford-East Hartford, CT",278,,
Backus Hospital,326 Washington Street,Norwich,CT,6360,41.543535,-72.086753,1,range_interpolation,326,Washington St,,,Norwich,CT,New London County,6360,US,TIGER/Lineå¨ dataset from the US Census Bureau,2019,9,9011,Norwich,956200,696500,1008,1,9.01E+13,"Norwich-New London, CT",35980,metropolitan,"Hartford-East Hartford, CT",278,,
Charlotte Hungerford Hospital,540 Litchfield Street,Torrington,CT,6790,41.79097,-73.133028,1,range_interpolation,540,Litchfield St,,,Torrington,CT,Litchfield County,6790,US,TIGER/Lineå¨ dataset from the US Census Bureau,2019,9,9005,Torrington,976500,310803,2023,2,9.01E+13,"Torrington, CT",45860,micropolitan,"New York-Newark, NY-NJ-CT-PA",408,,
MidState Medical Center,435 Lewis Avenue,Meriden,CT,6451,41.549873,-72.802368,1,rooftop,435,Lewis Ave,,,Meriden,CT,New Haven County,6451,US,Connecticut Geospatial Information Systems Council,2019,9,9009,Meriden,946450,171600,3007,3,9.01E+13,"New Haven-Milford, CT",35300,metropolitan,"New York-Newark, NY-NJ-CT-PA",408,,
St. Vincent‰Ûªs Medical Center,2979 Main Street,Bridgeport,CT,6610,41.204548,-73.204504,0.9,range_interpolation,2979,E Main St,,,Bridgeport,CT,Fairfield County,6610,US,TIGER/Lineå¨ dataset from the US Census Bureau,2019,9,9001,Bridgeport,908000,72300,1007,1,9.00E+13,"Bridgeport-Stamford-Norwalk, CT",14860,metropolitan,"New York-Newark, NY-NJ-CT-PA",408,,
Saint Mary's Hospital,56 Franklin Street,Waterbury,CT,6706,41.552778,-73.03669,1,rooftop,56,Franklin St,,,Waterbury,CT,New Haven County,6706,US,City of Waterbury,2019,9,9009,Waterbury,980000,350100,2029,2,9.01E+13,"New Haven-Milford, CT",35300,metropolitan,"New York-Newark, NY-NJ-CT-PA",408,,
Saint Francis Hospital,1000 Asylum Street,Hartford,CT,6105,41.771705,-72.69784,1,range_interpolation,1000,Asylum St,,,Hartford,CT,Hartford County,6105,US,TIGER/Lineå¨ dataset from the US Census Bureau,2019,9,9003,Hartford,937000,503300,1002,1,9.00E+13,"Hartford-East Hartford-Middletown, CT",25540,metropolitan,"Hartford-East Hartford, CT",278,,
Johnson Memorial Hospital,201 Chestnut Hill Road,Stafford Springs,CT,6076,41.978855,-72.394764,1,range_interpolation,201,Chestnut Hill Rd,,,Stafford Springs,CT,Tolland County,6076,US,TIGER/Lineå¨ dataset from the US Census Bureau,2019,9,9013,,,890202,3049,3,9.01E+13,"Hartford-East Hartford-Middletown, CT",25540,metropolitan,"Hartford-East Hartford, CT",278,,
Waterbury Hospital,68 Robbins Street,Waterbury,CT,6708,41.558357,-73.05896,1,range_interpolation,68,Robbins St,,,Waterbury,CT,New Haven County,6708,US,TIGER/Lineå¨ dataset from the US Census Bureau,2019,9,9009,Waterbury,980000,352000,2029,2,9.01E+13,"New Haven-Milford, CT",35300,metropolitan,"New York-Newark, NY-NJ-CT-PA",408,,
PhysicianOne Urgent Care Norwalk,346 Main Ave,Norwalk,CT,6851,41.138434,-73.425006,1,rooftop,346,Main Ave,,,Norwalk,CT,Fairfield County,6851,US,City of Norwalk,2019,9,9001,Norwalk,955990,42700,2000,2,9.00E+13,"Bridgeport-Stamford-Norwalk, CT",14860,metropolitan,"New York-Newark, NY-NJ-CT-PA",408,,
PhysicianOne Urgent Care Stratford,1040 Barnum Avenue,Stratford,CT,6614,41.198812,-73.133301,1,range_interpolation,1040,Barnum Ave,,,Stratford,CT,Fairfield County,6614,US,TIGER/Lineå¨ dataset from the US Census Bureau,2019,9,9001,Stratford,974260,80900,2000,2,9.00E+13,"Bridgeport-Stamford-Norwalk, CT",14860,metropolitan,"New York-Newark, NY-NJ-CT-PA",408,,
PhysicianOne Urgent Care Derby,78 Pershing Drive,Derby,CT,6418,41.330108,-73.084809,1,range_interpolation,78,Pershing Dr,,,Derby,CT,New Haven County,6418,US,TIGER/Lineå¨ dataset from the US Census Bureau,2019,9,9009,Derby,919480,120200,1017,1,9.01E+13,"New Haven-Milford, CT",35300,metropolitan,"New York-Newark, NY-NJ-CT-PA",408,,
PhysicianOne Urgent Care Newtown,266 South Main Street ,Newtown,CT,6470,41.368502,-73.270834,1,range_interpolation,266,S Main St,,,Newtown,CT,Fairfield County,6470,US,TIGER/Lineå¨ dataset from the US Census Bureau,2019,9,9001,,,230502,1009,1,9.00E+13,"Bridgeport-Stamford-Norwalk, CT",14860,metropolitan,"New York-Newark, NY-NJ-CT-PA",408,,
PhysicianOne Urgent Care Southbury,900 Main Street South,Southbury,CT,6488,41.462989,-73.235404,1,rooftop,900,Main St S,,,Southbury,CT,New Haven County,6488,US,Connecticut Geospatial Information Systems Council,2019,9,9009,,,348124,2044,2,9.01E+13,"New Haven-Milford, CT",35300,metropolitan,"New York-Newark, NY-NJ-CT-PA",408,,
PhysicianOne Urgent Care Hamden,2165 Dixwell Ave ,Hamden,CT,6514,41.36913,-72.918124,1,rooftop,2165,Dixwell Ave,,,Hamden,CT,New Haven County,6514,US,City of Hamden,2019,9,9009,,,165801,2017,2,9.01E+13,"New Haven-Milford, CT",35300,metropolitan,"New York-Newark, NY-NJ-CT-PA",408,,
PhysicianOne Urgent Care Glastonbury,2928 Main Street,Glastonbury,CT,6033,41.723469,-72.614222,1,rooftop,2928,Main St,,,Glastonbury,CT,Hartford County,6033,US,Connecticut Geospatial Information Systems Council,2019,9,9003,Glastonbury Center,931270,520302,2019,2,9.00E+13,"Hartford-East Hartford-Middletown, CT",25540,metropolitan,"Hartford-East Hartford, CT",278,,
PhysicianOne Urgent Care Manchester,370 Middle Turnpike West,Manchester,CT,6040,41.779219,-72.539845,1,rooftop,370,Middle Tpke W,,,Manchester,CT,Hartford County,6040,US,City of Manchester,2019,9,9003,Manchester,944690,514500,2000,2,9.00E+13,"Hartford-East Hartford-Middletown, CT",25540,metropolitan,"Hartford-East Hartford, CT",278,,
PhysicianOne Urgent Care Norwich,607 West Main Street,Norwich,CT,6360,41.515859,-72.101525,1,range_interpolation,607,W Main St,,,Norwich,CT,New London County,6360,US,TIGER/Lineå¨ dataset from the US Census Bureau,2019,9,9011,Norwich,956200,696600,1058,1,9.01E+13,"Norwich-New London, CT",35980,metropolitan,"Hartford-East Hartford, CT",278,,
DOCS Urgent Care East Haven,317 Foxon Road,East Haven,CT,6513,41.324667,-72.836383,1,rooftop,317,Foxon Rd,,,East Haven,CT,New Haven County,6513,US,Connecticut Geospatial Information Systems Council,2019,9,9009,East Haven,922980,180602,1010,1,9.01E+13,"New Haven-Milford, CT",35300,metropolitan,"New York-Newark, NY-NJ-CT-PA",408,,
Bridgeport Hospital Milford Campus drive-thru testing site,831 Boston Post Road,Milford,CT,6460,41.231757,-73.054018,1,rooftop,831,Boston Post Rd,,,Milford,CT,New Haven County,6460,US,City of Milford,2019,9,9009,Milford city (balance),947515,150100,1004,1,9.01E+13,"New Haven-Milford, CT",35300,metropolitan,"New York-Newark, NY-NJ-CT-PA",408,,
Quest Diagnostics - East Lyme,15 Chesterfield Road,East Lyme,CT,6333,41.367189,-72.208814,1,rooftop,15,Chesterfield Rd,,,East Lyme,CT,New London County,6333,US,City of Lyme,2019,9,9011,,,716102,2045,2,9.01E+13,"Norwich-New London, CT",35980,metropolitan,"Hartford-East Hartford, CT",278,,
AFC Urgent Care New Britain,135 East Main Street,New Britain,CT,6051,41.670295,-72.778637,1,rooftop,135,E Main St,,,New Britain,CT,Hartford County,6051,US,City of New Britain,2019,9,9003,New Britain,950370,417100,1006,1,9.00E+13,"Hartford-East Hartford-Middletown, CT",25540,metropolitan,"Hartford-East Hartford, CT",278,,
AFC Urgent Care Torrington,1171 East Main Street,Torrington,CT,6790,41.815662,-73.095352,1,rooftop,1171,E Main St,,,Torrington,CT,Litchfield County,6790,US,Connecticut Geospatial Information Systems Council,2019,9,9005,Torrington,976500,310500,1000,1,9.01E+13,"Torrington, CT",45860,micropolitan,"New York-Newark, NY-NJ-CT-PA",408,,
AFC Urgent Care Bridgeport Main,4200 Main Street,Bridgeport,CT,6606,41.217867,-73.214417,1,range_interpolation,4200,Main St,,,Bridgeport,CT,Fairfield County,6606,US,TIGER/Lineå¨ dataset from the US Census Bureau,2019,9,9001,Bridgeport,908000,72700,3007,3,9.00E+13,"Bridgeport-Stamford-Norwalk, CT",14860,metropolitan,"New York-Newark, NY-NJ-CT-PA",408,,
AFC Urgent Care Newtown Road,76C Newtown Road,Danbury,CT,6810,41.409992,-73.414014,1,range_interpolation,76,Newtown Rd,,,Danbury,CT,Fairfield County,6810,US,TIGER/Lineå¨ dataset from the US Census Bureau,2019,9,9001,Danbury,918430,210400,3014,3,9.00E+13,"Bridgeport-Stamford-Norwalk, CT",14860,metropolitan,"New York-Newark, NY-NJ-CT-PA",408,,
AFC Urgent Care Danbury,2 Main Street,Danbury,CT,6810,41.386355,-73.444846,0.81,nearest_rooftop_match,8,Main St,,,Danbury,CT,Fairfield County,6810,US,Connecticut Geospatial Information Systems Council,2019,9,9001,Danbury,918430,210100,3011,3,9.00E+13,"Bridgeport-Stamford-Norwalk, CT",14860,metropolitan,"New York-Newark, NY-NJ-CT-PA",408,,
AFC Urgent Care Danbury,100 Mill Plain Road,Danbury,CT,6811,41.393757,-73.513994,1,rooftop,100,Mill Plain Rd,,,Danbury,CT,Fairfield County,6811,US,Connecticut Geospatial Information Systems Council,2019,9,9001,Danbury,918430,210800,3016,3,9.00E+13,"Bridgeport-Stamford-Norwalk, CT",14860,metropolitan,"New York-Newark, NY-NJ-CT-PA",408,,
Hartford HealthCare - GoHealth Urgent Care,482 South Broad Street,Meriden,CT,6450,41.509994,-72.807868,1,range_interpolation,482,S Broad St,,,Meriden,CT,New Haven County,6450,US,TIGER/Lineå¨ dataset from the US Census Bureau,2019,9,9009,Meriden,946450,171100,3010,3,9.01E+13,"New Haven-Milford, CT",35300,metropolitan,"New York-Newark, NY-NJ-CT-PA",408,,
Hartford HealthCare - GoHealth Urgent Care,351 North Frontage Road,New London,CT,6320,41.368622,-72.114904,1,range_interpolation,351,N Frontage Rd,,,New London,CT,New London County,6320,US,TIGER/Lineå¨ dataset from the US Census Bureau,2019,9,9011,New London,952280,870300,4018,4,9.01E+13,"Norwich-New London, CT",35980,metropolitan,"Hartford-East Hartford, CT",278,,
AFC Urgent Care Stamford,3000 Summer Street,Stamford,CT,6905,41.071195,-73.549544,1,rooftop,3000,Summer St,,,Stamford,CT,Fairfield County,6905,US,City of Stamford,2019,9,9001,Stamford,973000,21300,1010,1,9.00E+13,"Bridgeport-Stamford-Norwalk, CT",14860,metropolitan,"New York-Newark, NY-NJ-CT-PA",408,,
AFC Urgent Care West Hartford,1030 Boulevard,West Hartford,CT,6119,41.76037,-72.716039,1,range_interpolation,1030,Blvd,,,West Hartford,CT,Hartford County,6119,US,TIGER/Lineå¨ dataset from the US Census Bureau,2019,9,9003,West Hartford,982660,496900,1006,1,9.00E+13,"Hartford-East Hartford-Middletown, CT",25540,metropolitan,"Hartford-East Hartford, CT",278,,
Rite Aid #10389 Ridgefield,125 Danbury Road,Ridgefield,CT,6877,41.292055,-73.493702,1,range_interpolation,125,Danbury Rd,,,Ridgefield,CT,Fairfield County,6877,US,TIGER/Lineå¨ dataset from the US Census Bureau,2019,9,9001,Ridgefield,963900,245300,3004,3,9.00E+13,"Bridgeport-Stamford-Norwalk, CT",14860,metropolitan,"New York-Newark, NY-NJ-CT-PA",408,,
Rite Aid #04620 Wolcott,744 Wolcott Road,Wolcott,CT,6716,41.603627,-72.986391,1,range_interpolation,744,Wolcott Rd,,,Wolcott,CT,New Haven County,6716,US,TIGER/Lineå¨ dataset from the US Census Bureau,2019,9,9009,,,361200,3004,3,9.01E+13,"New Haven-Milford, CT",35300,metropolitan,"New York-Newark, NY-NJ-CT-PA",408,,
CVS Health COVID-19 Drive Thru Testing Site - By Appointment Only,2639 Main Street,Glastonbury,CT,6033,41.715492,-72.611137,1,range_interpolation,2639,Main St,,,Glastonbury,CT,Hartford County,6033,US,TIGER/Lineå¨ dataset from the US Census Bureau,2019,9,9003,Glastonbury Center,931270,520302,2046,2,9.00E+13,"Hartford-East Hartford-Middletown, CT",25540,metropolitan,"Hartford-East Hartford, CT",278,,
CVS Health COVID-19 Drive Thru Testing Site - By Appointment Only,875 Enfield Street,Enfield,CT,6082,41.998079,-72.593583,1,rooftop,875,Enfield St,,,Enfield,CT,Hartford County,6082,US,Connecticut Geospatial Information Systems Council,2019,9,9003,Thompsonville,975940,480500,2018,2,9.00E+13,"Hartford-East Hartford-Middletown, CT",25540,metropolitan,"Hartford-East Hartford, CT",278,,
CVS Health COVID-19 Drive Thru Testing Site - By Appointment Only,525 Buckland Street,South Windsor,CT,6074,41.825577,-72.5536,0.6,rooftop,525,Buckland Rd,,,South Windsor,CT,Hartford County,6074,US,Connecticut Geospatial Information Systems Council,2019,9,9003,,,487500,2002,2,9.00E+13,"Hartford-East Hartford-Middletown, CT",25540,metropolitan,"Hartford-East Hartford, CT",278,,
CVS Health COVID-19 Drive Thru Testing Site - By Appointment Only,7 Durant Avenue,Bethel,CT,6801,41.373431,-73.414951,0.9,rooftop,9-Jul,Durant Ave,,,Bethel,CT,Fairfield County,6801,US,Connecticut Geospatial Information Systems Council,2019,9,9001,Bethel,904790,200200,1009,1,9.00E+13,"Bridgeport-Stamford-Norwalk, CT",14860,metropolitan,"New York-Newark, NY-NJ-CT-PA",408,,
CVS Health COVID-19 Drive Thru Testing Site - By Appointment Only,1057 Boston Post Road,Guilford,CT,6437,41.288321,-72.68495,1,rooftop,1057,Boston Post Rd,,,Guilford,CT,New Haven County,6437,US,Connecticut Geospatial Information Systems Council,2019,9,9009,Guilford Center,935020,190100,1013,1,9.01E+13,"New Haven-Milford, CT",35300,metropolitan,"New York-Newark, NY-NJ-CT-PA",408,,
CVS Health COVID-19 Drive Thru Testing Site - By Appointment Only,3514 Main Street,Coventry,CT,6238,41.798038,-72.368771,0.6,street_center,,State Hwy 31,,,Coventry,CT,Tolland County,6238,US,TIGER/Lineå¨ dataset from the US Census Bureau,2019,9,9013,Coventry Lake,917835,850100,1030,1,9.01E+13,"Hartford-East Hartford-Middletown, CT",25540,metropolitan,"Hartford-East Hartford, CT",278,,
CVS Health COVID-19 Drive Thru Testing Site - By Appointment Only,323 Cromwell Avenue,Rocky Hill,CT,6067,41.661438,-72.679274,1,rooftop,323,Cromwell Ave,,,Rocky Hill,CT,Hartford County,6067,US,Connecticut Geospatial Information Systems Council,2019,9,9003,,,490302,2000,2,9.00E+13,"Hartford-East Hartford-Middletown, CT",25540,metropolitan,"Hartford-East Hartford, CT",278,,
CVS Health COVID-19 Drive Thru Testing Site - By Appointment Only,1 Hawley Lane,Stratford,CT,6497,41.230656,-73.153311,0.9,rooftop,1,Hawley Ln,,,Stratford,CT,Fairfield County,6614,US,City of Stratford,2019,9,9001,Stratford,974260,81100,3004,3,9.00E+13,"Bridgeport-Stamford-Norwalk, CT",14860,metropolitan,"New York-Newark, NY-NJ-CT-PA",408,,
CVS Health COVID-19 Drive Thru Testing Site - By Appointment Only,54 East High Street,East Hampton,CT,6424,41.584013,-72.501461,1,range_interpolation,54,E High St,,,East Hampton,CT,Middlesex County,6424,US,TIGER/Lineå¨ dataset from the US Census Bureau,2019,9,9007,East Hampton,922420,550202,2000,2,9.01E+13,"Hartford-East Hartford-Middletown, CT",25540,metropolitan,"Hartford-East Hartford, CT",278,,
CVS Health COVID-19 Drive Thru Testing Site - By Appointment Only,1657 Route 12,Gales Ferry,CT,6335,41.427256,-72.082081,1,range_interpolation,1657,State Hwy 12,,,Gales Ferry,CT,New London County,6335,US,TIGER/Lineå¨ dataset from the US Census Bureau,2019,9,9011,Gales Ferry,930190,701200,5010,5,9.01E+13,"Norwich-New London, CT",35980,metropolitan,"Hartford-East Hartford, CT",278,,
CVS Health COVID-19 Drive Thru Testing Site - By Appointment Only,16 Main Street,East Hartford,CT,6118,41.730508,-72.620469,1,range_interpolation,16,Main St,,,East Hartford,CT,Hartford County,6118,US,TIGER/Lineå¨ dataset from the US Census Bureau,2019,9,9003,East Hartford,922700,510800,3001,3,9.00E+13,"Hartford-East Hartford-Middletown, CT",25540,metropolitan,"Hartford-East Hartford, CT",278,,
CVS Health COVID-19 Drive Thru Testing Site - By Appointment Only,229 Hope Street,Stamford,CT,6906,41.068815,-73.526022,1,rooftop,229,Hope St,,,Stamford,CT,Fairfield County,6906,US,City of Stamford,2019,9,9001,Stamford,973000,21801,1002,1,9.00E+13,"Bridgeport-Stamford-Norwalk, CT",14860,metropolitan,"New York-Newark, NY-NJ-CT-PA",408,,
CVS Health COVID-19 Drive Thru Testing Site - By Appointment Only,81 North Street,Bristol,CT,6010,41.681436,-72.946464,1,range_interpolation,81,North St,,,Bristol,CT,Hartford County,6010,US,TIGER/Lineå¨ dataset from the US Census Bureau,2019,9,9003,Bristol,908420,405800,4015,4,9.00E+13,"Hartford-East Hartford-Middletown, CT",25540,metropolitan,"Hartford-East Hartford, CT",278,,
CVS Health COVID-19 Drive Thru Testing Site - By Appointment Only,690 Wethersfield Avenue,Hartford,CT,6114,41.737434,-72.670458,1,rooftop,690,Wethersfield Ave,,,Hartford,CT,Hartford County,6114,US,Ciy of Hartford,2019,9,9003,Hartford,937000,502500,2007,2,9.00E+13,"Hartford-East Hartford-Middletown, CT",25540,metropolitan,"Hartford-East Hartford, CT",278,,
CVS Health COVID-19 Drive Thru Testing Site - By Appointment Only,1938 West Main Street,Stamford,CT,6902,41.048355,-73.562233,1,rooftop,1938,W Main St,,,Stamford,CT,Fairfield County,6902,US,City of Stamford,2019,9,9001,Stamford,973000,21400,3005,3,9.00E+13,"Bridgeport-Stamford-Norwalk, CT",14860,metropolitan,"New York-Newark, NY-NJ-CT-PA",408,,
CVS Health COVID-19 Drive Thru Testing Site - By Appointment Only,479 Blue Hills Avenue,Hartford,CT,6112,41.798925,-72.695911,1,rooftop,479,Blue Hills Ave,,,Hartford,CT,Hartford County,6112,US,Ciy of Hartford,2019,9,9003,Hartford,937000,504000,1003,1,9.00E+13,"Hartford-East Hartford-Middletown, CT",25540,metropolitan,"Hartford-East Hartford, CT",278,,
CVS Health COVID-19 Drive Thru Testing Site - By Appointment Only,1770 Kings Highway,Fairfield,CT,6824,41.157261,-73.239676,1,range_interpolation,1770,Kings Hwy,,,Fairfield,CT,Fairfield County,6824,US,TIGER/Lineå¨ dataset from the US Census Bureau,2019,9,9001,,,61400,1052,1,9.00E+13,"Bridgeport-Stamford-Norwalk, CT",14860,metropolitan,"New York-Newark, NY-NJ-CT-PA",408,,
CVS Health COVID-19 Drive Thru Testing Site - By Appointment Only,355 Campbell Avenue,West Haven,CT,6516,41.268181,-72.947987,1,rooftop,355,Campbell Ave,,,West Haven,CT,New Haven County,6516,US,Connecticut Geospatial Information Systems Council,2019,9,9009,West Haven,982800,155000,3001,3,9.01E+13,"New Haven-Milford, CT",35300,metropolitan,"New York-Newark, NY-NJ-CT-PA",408,,
CVS Health COVID-19 Drive Thru Testing Site - By Appointment Only,150 Washington Street,Hartford,CT,6106,41.758213,-72.681714,1,rooftop,150,Washington St,,,Hartford,CT,Hartford County,6106,US,Ciy of Hartford,2019,9,9003,Hartford,937000,502100,2111,2,9.00E+13,"Hartford-East Hartford-Middletown, CT",25540,metropolitan,"Hartford-East Hartford, CT",278,,
CVS Health COVID-19 Drive Thru Testing Site - By Appointment Only,292 Spielman Highway,Burlington,CT,6013,41.775938,-72.980808,1,range_interpolation,292,Spielman Hwy,,,Burlington,CT,Hartford County,6013,US,TIGER/Lineå¨ dataset from the US Census Bureau,2019,9,9003,,,410102,1012,1,9.00E+13,"Hartford-East Hartford-Middletown, CT",25540,metropolitan,"Hartford-East Hartford, CT",278,,
CVS Health COVID-19 Drive Thru Testing Site - By Appointment Only,57 Providence Pike,Putnam,CT,6260,41.925078,-71.874413,1,range_interpolation,57,Providence Pike,,,Putnam,CT,Windham County,6260,US,TIGER/Lineå¨ dataset from the US Census Bureau,2019,9,9015,,,903200,1008,1,9.02E+13,"Worcester, MA-CT",49340,metropolitan,"Boston-Worcester-Providence, MA-RI-NH-CT",148,,
Griffin Health COVID-19 Drive-Up Test Collection Site,130 Division Street,Derby,CT,6418,41.335348,-73.089235,0.79,nearest_rooftop_match,144,Division St,,,Derby,CT,New Haven County,6418,US,Connecticut Geospatial Information Systems Council,2019,9,9009,Derby,919480,120200,1002,1,9.01E+13,"New Haven-Milford, CT",35300,metropolitan,"New York-Newark, NY-NJ-CT-PA",408,,
UConn Health Drive-Through COVID-19 Sampling Site,263 Farmington Ave,Farmington,CT,6030,41.734182,-72.793791,0.9,rooftop,263,Farmington Ave,,,Farmington,CT,Hartford County,6032,US,Connecticut Geospatial Information Systems Council,2019,9,9003,,,460100,1038,1,9.00E+13,"Hartford-East Hartford-Middletown, CT",25540,metropolitan,"Hartford-East Hartford, CT",278,,
Greenwich Hospital Testing Site,5 Perryridgy Road,Greenwich,CT,6830,41.034316,-73.630198,1,rooftop,5,Perryridge Rd,,,Greenwich,CT,Fairfield County,6830,US,Connecticut Geospatial Information Systems Council,2019,9,9001,Greenwich,933690,10300,3013,3,9.00E+13,"Bridgeport-Stamford-Norwalk, CT",14860,metropolitan,"New York-Newark, NY-NJ-CT-PA",408,,
PhysicianOne Urgent Care Ridgefield,10 South Street Suite101,Ridgefield,CT,6877,41.289905,-73.494662,1,rooftop,10,South St,Ste,101,Ridgefield,CT,Fairfield County,6877,US,Connecticut Geospatial Information Systems Council,2019,9,9001,Ridgefield,963900,245300,3009,3,9.00E+13,"Bridgeport-Stamford-Norwalk, CT",14860,metropolitan,"New York-Newark, NY-NJ-CT-PA",408,,
PhysicianOne Urgent Care Brookfield,31 Old Route 7 ,Brookfield,CT,6804,41.476704,-73.408363,1,rooftop,31,Old Route 7,,,Brookfield,CT,Fairfield County,6804,US,Connecticut Geospatial Information Systems Council,2019,9,9001,,,205100,2005,2,9.00E+13,"Bridgeport-Stamford-Norwalk, CT",14860,metropolitan,"New York-Newark, NY-NJ-CT-PA",408,,
PhysicianOne Urgent Care Bristol,576 Farmington Avenue,Bristol,CT,6010,41.689985,-72.924333,1,rooftop,576,Farmington Ave,,,Bristol,CT,Hartford County,6010,US,Connecticut Geospatial Information Systems Council,2019,9,9003,Bristol,908420,405200,1020,1,9.00E+13,"Hartford-East Hartford-Middletown, CT",25540,metropolitan,"Hartford-East Hartford, CT",278,,
Greenville Drug Store Health Mart,213 Central Ave,Norwich,CT,6360,41.533431,-72.056561,1,range_interpolation,213,Central Ave,,,Norwich,CT,New London County,6360,US,TIGER/Lineå¨ dataset from the US Census Bureau,2019,9,9011,Norwich,956200,696400,3010,3,9.01E+13,"Norwich-New London, CT",35980,metropolitan,"Hartford-East Hartford, CT",278,,
PhysicianOne Urgent Care Enfield,55 Hazard Avenue,Enfield,CT,6082,41.990142,-72.57478,1,rooftop,55,Hazard Ave,,,Enfield,CT,Hartford County,6082,US,Connecticut Geospatial Information Systems Council,2019,9,9003,,,480800,4019,4,9.00E+13,"Hartford-East Hartford-Middletown, CT",25540,metropolitan,"Hartford-East Hartford, CT",278,,
PhysicianOne Urgent Care West Hartford,"21 North Main Street, Suite B",West Hartford,CT,6107,41.763608,-72.742545,1,rooftop,21,N Main St,Ste,B,West Hartford,CT,Hartford County,6107,US,Connecticut Geospatial Information Systems Council,2019,9,9003,West Hartford,982660,497600,2000,2,9.00E+13,"Hartford-East Hartford-Middletown, CT",25540,metropolitan,"Hartford-East Hartford, CT",278,,
PhysicianOne Urgent Care Groton,220 Route 12 Groton ,Groton,CT,6340,41.368855,-72.066671,1,rooftop,220,State Rte 12,,,Groton,CT,New London County,6340,US,City of Groton,2019,9,9011,,,870200,2009,2,9.01E+13,"Norwich-New London, CT",35980,metropolitan,"Hartford-East Hartford, CT",278,,
Day Kimball Medical Group Testing site at Killingly Intermediate School,1599 Upper Maple Street,Killingly,CT,6241,41.854351,-71.894498,1,range_interpolation,1599,Upper Maple St,,,Dayville,CT,Windham County,6241,US,TIGER/Lineå¨ dataset from the US Census Bureau,2019,9,9015,,,904400,1019,1,9.02E+13,"Worcester, MA-CT",49340,metropolitan,"Boston-Worcester-Providence, MA-RI-NH-CT",148,,
Hartford HealthCare - GoHealth Urgent Care,"1055 Kennedy Rd., Suite D",Windsor,CT,6095,41.891484,-72.650637,1,rooftop,1055,Kennedy Rd,Ste,D,Windsor,CT,Hartford County,6095,US,Connecticut Geospatial Information Systems Council,2019,9,9003,,,473502,3005,3,9.00E+13,"Hartford-East Hartford-Middletown, CT",25540,metropolitan,"Hartford-East Hartford, CT",278,,
Murphy Medical Associates (walk-in),200 East Main Street,Stratford,CT,6614,41.202841,-73.116126,1,rooftop,200,E Main St,,,Stratford,CT,Fairfield County,6614,US,City of Stratford,2019,9,9001,Stratford,974260,80800,1019,1,9.00E+13,"Bridgeport-Stamford-Norwalk, CT",14860,metropolitan,"New York-Newark, NY-NJ-CT-PA",408,,
DOCS Urgent Care Stamford,2001 W Main Street,Stamford,CT,6902,41.049341,-73.563871,1,rooftop,2001,W Main St,,,Stamford,CT,Fairfield County,6902,US,City of Stamford,2019,9,9001,Stamford,973000,21400,4009,4,9.00E+13,"Bridgeport-Stamford-Norwalk, CT",14860,metropolitan,"New York-Newark, NY-NJ-CT-PA",408,,
Manchester Memorial Hospital,71 Haynes Street,Manchester,CT,6040,41.78181,-72.525709,1,rooftop,71,Haynes St,,,Manchester,CT,Hartford County,6040,US,City of Manchester,2019,9,9003,Manchester,944690,514400,3003,3,9.00E+13,"Hartford-East Hartford-Middletown, CT",25540,metropolitan,"Hartford-East Hartford, CT",278,,
Fair Haven Community Health Care,374 Grand Ave,New Haven,CT,6513,41.308243,-72.902249,1,rooftop,374,Grand Ave,,,New Haven,CT,New Haven County,6513,US,City of New Haven,2019,9,9009,New Haven,952000,142300,1000,1,9.01E+13,"New Haven-Milford, CT",35300,metropolitan,"New York-Newark, NY-NJ-CT-PA",408,,
Murphy Medical Associates - New Haven,1319 Chapel Street,New Haven,CT,6511,41.310288,-72.938796,1,rooftop,1319,Chapel St,,,New Haven,CT,New Haven County,6511,US,City of New Haven,2019,9,9009,New Haven,952000,140700,4001,4,9.01E+13,"New Haven-Milford, CT",35300,metropolitan,"New York-Newark, NY-NJ-CT-PA",408,,
Quest Diagnostics - 120 Main Street Danbury,120 Main Street,Danbury,CT,6810,41.392053,-73.449203,0.9,range_interpolation,120,Main St,,,Danbury,CT,Fairfield County,6810,US,TIGER/Lineå¨ dataset from the US Census Bureau,2019,9,9001,Danbury,918430,210100,3005,3,9.00E+13,"Bridgeport-Stamford-Norwalk, CT",14860,metropolitan,"New York-Newark, NY-NJ-CT-PA",408,,
Hartford HealthCare - GoHealth Urgent Care,2520 Main Street,Glastonbury,CT,6033,41.714199,-72.609658,1,range_interpolation,2520,Main St,,,Glastonbury,CT,Hartford County,6033,US,TIGER/Lineå¨ dataset from the US Census Bureau,2019,9,9003,Glastonbury Center,931270,520302,2045,2,9.00E+13,"Hartford-East Hartford-Middletown, CT",25540,metropolitan,"Hartford-East Hartford, CT",278,,
Lawrence + Memorial Hospital,412 Ocean Ave,New London,CT,6320,41.335445,-72.105072,1,range_interpolation,412,Ocean Ave,,,New London,CT,New London County,6320,US,TIGER/Lineå¨ dataset from the US Census Bureau,2019,9,9011,New London,952280,690800,2008,2,9.01E+13,"Norwich-New London, CT",35980,metropolitan,"Hartford-East Hartford, CT",278,,
Hartford HealthCare - GoHealth Urgent Care,244 Spencer St.,Manchester,CT,6040,41.765945,-72.571278,1,rooftop,244,Spencer St,,,Manchester,CT,Hartford County,6040,US,City of Manchester,2019,9,9003,,,515102,1036,1,9.00E+13,"Hartford-East Hartford-Middletown, CT",25540,metropolitan,"Hartford-East Hartford, CT",278,,
Hartford HealthCare - GoHealth Urgent Care,775 Queen St.,Southington,CT,6489,41.637734,-72.873481,1,rooftop,775,Queen St,,,Southington,CT,Hartford County,6489,US,Connecticut Geospatial Information Systems Council,2019,9,9003,,,430201,1014,1,9.00E+13,"Hartford-East Hartford-Middletown, CT",25540,metropolitan,"Hartford-East Hartford, CT",278,,
Hartford HealthCare - GoHealth Urgent Care,996 East Main St.,Torrington,CT,6790,41.813242,-73.098987,1,range_interpolation,996,E Main St,,,Torrington,CT,Litchfield County,6790,US,TIGER/Lineå¨ dataset from the US Census Bureau,2019,9,9005,Torrington,976500,310500,2006,2,9.01E+13,"Torrington, CT",45860,micropolitan,"New York-Newark, NY-NJ-CT-PA",408,,
Hartford HealthCare - GoHealth Urgent Care,40 Fenn Rd.,Newington,CT,6111,41.696813,-72.756718,1,range_interpolation,40,Fenn Rd,,,Newington,CT,Hartford County,6111,US,TIGER/Lineå¨ dataset from the US Census Bureau,2019,9,9003,Newington,952210,494600,2000,2,9.00E+13,"Hartford-East Hartford-Middletown, CT",25540,metropolitan,"Hartford-East Hartford, CT",278,,
Danielson Pharmacy,77 Westcott Rd ,Danielson,CT,6239,41.809211,-71.873456,1,range_interpolation,77,Westcott Rd,,,Danielson,CT,Windham County,6239,US,TIGER/Lineå¨ dataset from the US Census Bureau,2019,9,9015,,,904500,5001,5,9.02E+13,"Worcester, MA-CT",49340,metropolitan,"Boston-Worcester-Providence, MA-RI-NH-CT",148,,
Hartford HealthCare - GoHealth Urgent Care,"54 Hazard Ave., Suite 135",Enfield,CT,6082,41.98836,-72.575316,1,rooftop,54,Hazard Ave,Ste,135,Enfield,CT,Hartford County,6082,US,Connecticut Geospatial Information Systems Council,2019,9,9003,,,480800,4024,4,9.00E+13,"Hartford-East Hartford-Middletown, CT",25540,metropolitan,"Hartford-East Hartford, CT",278,,
Quest Diagnostics,45 South Main Street,Unionville,CT,6085,41.756675,-72.886338,1,rooftop,45,S Main St,,,Unionville,CT,Hartford County,6085,US,Connecticut Geospatial Information Systems Council,2019,9,9003,,,460302,2027,2,9.00E+13,"Hartford-East Hartford-Middletown, CT",25540,metropolitan,"Hartford-East Hartford, CT",278,,
Hartford HealthCare - GoHealth Urgent Care,385 W Main St.,Avon,CT,6001,41.814748,-72.8637,1,rooftop,385,W Main St,,,Avon,CT,Hartford County,6001,US,City of Avon,2019,9,9003,,,462201,1032,1,9.00E+13,"Hartford-East Hartford-Middletown, CT",25540,metropolitan,"Hartford-East Hartford, CT",278,,
Hartford HealthCare - GoHealth Urgent Care,"624 W Main St., Suite 140",Norwich,CT,6360,41.515509,-72.101546,1,range_interpolation,624,W Main St,Ste,140,Norwich,CT,New London County,6360,US,TIGER/Lineå¨ dataset from the US Census Bureau,2019,9,9011,Norwich,956200,696700,3006,3,9.01E+13,"Norwich-New London, CT",35980,metropolitan,"Hartford-East Hartford, CT",278,,
Hartford HealthCare - GoHealth Urgent Care,1008 South Main St,Cheshire,CT,6410,41.477274,-72.9057,1,rooftop,1008,S Main St,,,Cheshire,CT,New Haven County,6410,US,Connecticut Geospatial Information Systems Council,2019,9,9009,,,343300,2008,2,9.01E+13,"New Haven-Milford, CT",35300,metropolitan,"New York-Newark, NY-NJ-CT-PA",408,,
Hartford HealthCare - GoHealth Urgent Care,25 Buckland Rd,South Windsor,CT,6074,41.809649,-72.555372,1,range_interpolation,25,Buckland Rd,,,South Windsor,CT,Hartford County,6074,US,TIGER/Lineå¨ dataset from the US Census Bureau,2019,9,9003,,,487500,2022,2,9.00E+13,"Hartford-East Hartford-Middletown, CT",25540,metropolitan,"Hartford-East Hartford, CT",278,,
Hartford HealthCare - GoHealth Urgent Care,1025 Silas Deane Hwy.,Wethersfield,CT,6109,41.693355,-72.656706,1,range_interpolation,1025,Silas Deane Hwy,,,Wethersfield,CT,Hartford County,6109,US,TIGER/Lineå¨ dataset from the US Census Bureau,2019,9,9003,Wethersfield,984970,492600,1001,1,9.00E+13,"Hartford-East Hartford-Middletown, CT",25540,metropolitan,"Hartford-East Hartford, CT",278,,
Foodshare at Rentschler Field,615 Silver Lane,East Hartford,CT,6118,41.763228,-72.61722,1,range_interpolation,615,Silver Ln,,,East Hartford,CT,Hartford County,6118,US,TIGER/Lineå¨ dataset from the US Census Bureau,2019,9,9003,East Hartford,922700,510600,1000,1,9.00E+13,"Hartford-East Hartford-Middletown, CT",25540,metropolitan,"Hartford-East Hartford, CT",278,,
AFC Urgent Care Vernon,179 Talcottville Road,Vernon,CT,6066,41.83307,-72.493599,1,rooftop,179,Talcottville Rd,,,Vernon Rockville,CT,Tolland County,6066,US,Connecticut Geospatial Information Systems Council,2019,9,9013,,,530302,1036,1,9.01E+13,"Hartford-East Hartford-Middletown, CT",25540,metropolitan,"Hartford-East Hartford, CT",278,,
AFC Urgent Care Fairfield,1910 Blackrock Turnpike,Fairfield,CT,6825,41.180821,-73.247871,1,rooftop,1910,Black Rock Tpke,,,Fairfield,CT,Fairfield County,6825,US,Town of Fairfield,2019,9,9001,,,61000,3006,3,9.00E+13,"Bridgeport-Stamford-Norwalk, CT",14860,metropolitan,"New York-Newark, NY-NJ-CT-PA",408,,
PhysicianOne Urgent Care Waterbury,920 Wolcott St Suite 19 Naugatuck Valley Shopping Center,Waterbury,CT,6705,41.566065,-73.007911,1,range_interpolation,920,Wolcott St,Ste,19,Waterbury,CT,New Haven County,6705,US,TIGER/Lineå¨ dataset from the US Census Bureau,2019,9,9009,Waterbury,980000,351100,2013,2,9.01E+13,"New Haven-Milford, CT",35300,metropolitan,"New York-Newark, NY-NJ-CT-PA",408,,
CVS Health COVID-19 Drive Thru Testing Site - By Appointment Only,54 East High Street,East Hampton,CT,6424,41.584013,-72.501461,1,range_interpolation,54,E High St,,,East Hampton,CT,Middlesex County,6424,US,TIGER/Lineå¨ dataset from the US Census Bureau,2019,9,9007,East Hampton,922420,550202,2000,2,9.01E+13,"Hartford-East Hartford-Middletown, CT",25540,metropolitan,"Hartford-East Hartford, CT",278,,
CVS Health COVID-19 Drive Thru Testing Site - By Appointment Only,2005 Norwich - New London Turnpike,Uncasville,CT,6382,41.479617,-72.0992,1,range_interpolation,2005,Norwich New London Tpke,,,Uncasville,CT,New London County,6382,US,TIGER/Lineå¨ dataset from the US Census Bureau,2019,9,9011,,,870501,3024,3,9.01E+13,"Norwich-New London, CT",35980,metropolitan,"Hartford-East Hartford, CT",278,,
CVS Health COVID-19 Drive Thru Testing Site - By Appointment Only,47 Lake Avenue Extension,Danbury,CT,6811,41.400932,-73.505654,1,range_interpolation,47,Lake Ave,,,Danbury,CT,Fairfield County,6811,US,TIGER/Lineå¨ dataset from the US Census Bureau,2019,9,9001,Danbury,918430,210800,3006,3,9.00E+13,"Bridgeport-Stamford-Norwalk, CT",14860,metropolitan,"New York-Newark, NY-NJ-CT-PA",408,,
Main Street Pharmacy #2,151 Main St ,Danbury,CT,6810,41.393054,-73.450413,1,range_interpolation,151,Main St,,,Danbury,CT,Fairfield County,6810,US,TIGER/Lineå¨ dataset from the US Census Bureau,2019,9,9001,Danbury,918430,210100,3001,3,9.00E+13,"Bridgeport-Stamford-Norwalk, CT",14860,metropolitan,"New York-Newark, NY-NJ-CT-PA",408,,
Arrow Prescription Center #12,500 Farmington Ave,Hartford,CT,6105,41.766809,-72.70831,1,rooftop,500,Farmington Ave,,,Hartford,CT,Hartford County,6105,US,Ciy of Hartford,2019,9,9003,Hartford,937000,504200,3000,3,9.00E+13,"Hartford-East Hartford-Middletown, CT",25540,metropolitan,"Hartford-East Hartford, CT",278,,
Hartford HealthCare - GoHealth Urgent Care,35 Talcottville Rd.,Vernon,CT,6066,41.828251,-72.497859,1,rooftop,35,Talcottville Rd,,,Vernon Rockville,CT,Tolland County,6066,US,Connecticut Geospatial Information Systems Council,2019,9,9013,,,530302,1031,1,9.01E+13,"Hartford-East Hartford-Middletown, CT",25540,metropolitan,"Hartford-East Hartford, CT",278,,
Bridgeport Hospital,267 Grant Street,Bridgeport,CT,6610,41.189525,-73.166502,1,rooftop,267,Grant St,,,Bridgeport,CT,Fairfield County,6610,US,City of Bridgeport,2019,9,9001,Bridgeport,908000,73700,4000,4,9.00E+13,"Bridgeport-Stamford-Norwalk, CT",14860,metropolitan,"New York-Newark, NY-NJ-CT-PA",408,,
Danbury Hospital,95 Locust Ave,Danbury,CT,6810,41.404868,-73.446888,1,range_interpolation,95,Locust Ave,,,Danbury,CT,Fairfield County,6810,US,TIGER/Lineå¨ dataset from the US Census Bureau,2019,9,9001,Danbury,918430,210300,3000,3,9.00E+13,"Bridgeport-Stamford-Norwalk, CT",14860,metropolitan,"New York-Newark, NY-NJ-CT-PA",408,,
Norwalk Hospital,34 Maple Street,Norwalk,CT,6850,41.111521,-73.422135,1,rooftop,34,Maple St,,,Norwalk,CT,Fairfield County,6850,US,City of Norwalk,2019,9,9001,Norwalk,955990,43800,3004,3,9.00E+13,"Bridgeport-Stamford-Norwalk, CT",14860,metropolitan,"New York-Newark, NY-NJ-CT-PA",408,,
Cummings Park Drive Thru Coronovirus Testing Stamford,460 Shippan Ave,Stamford,CT,6902,41.044568,-73.523907,1,range_interpolation,460,Shippan Ave,,,Stamford,CT,Fairfield County,6902,US,TIGER/Lineå¨ dataset from the US Census Bureau,2019,9,9001,Stamford,973000,22100,2016,2,9.00E+13,"Bridgeport-Stamford-Norwalk, CT",14860,metropolitan,"New York-Newark, NY-NJ-CT-PA",408,,
Drive Thru Coronovirus Testing Westport/Weston,88 North Ave,Westport,CT,6880,41.156567,-73.332924,0.82,nearest_rooftop_match,86,North Ave,,,Westport,CT,Fairfield County,6880,US,Connecticut Geospatial Information Systems Council,2019,9,9001,Westport,983570,50301,2007,2,9.00E+13,"Bridgeport-Stamford-Norwalk, CT",14860,metropolitan,"New York-Newark, NY-NJ-CT-PA",408,,
Drive Thru Coronovirus Testing Facility New Canaan,468 South Avenue,New Canaan,CT,6840,41.131321,-73.484915,1,rooftop,468,South Ave,,,New Canaan,CT,Fairfield County,6840,US,Connecticut Geospatial Information Systems Council,2019,9,9001,,,35300,1004,1,9.00E+13,"Bridgeport-Stamford-Norwalk, CT",14860,metropolitan,"New York-Newark, NY-NJ-CT-PA",408,,
Drive Thru Coronovirus Testing Darien High School,80 High School Ln,City of Darien,CT,6820,41.084631,-73.491737,1,rooftop,80,High School Ln,,,Darien,CT,Fairfield County,6820,US,Connecticut Geospatial Information Systems Council,2019,9,9001,Darien,918920,30100,2023,2,9.00E+13,"Bridgeport-Stamford-Norwalk, CT",14860,metropolitan,"New York-Newark, NY-NJ-CT-PA",408,,
Yale New Haven Health Blood Draw Station-Long Warf,150 Sargent Drive,New Haven,CT,6511,41.293115,-72.922686,1,rooftop,150,Sargent Dr,,,New Haven,CT,New Haven County,6511,US,City of New Haven,2019,9,9009,New Haven,952000,140200,1024,1,9.01E+13,"New Haven-Milford, CT",35300,metropolitan,"New York-Newark, NY-NJ-CT-PA",408,,
Middlesex Health,28 Crescent Street Middletown,Middlesex,CT,6457,41.55419,-72.647256,1,rooftop,28,Crescent St,,,Middletown,CT,Middlesex County,6457,US,Connecticut Geospatial Information Systems Council,2019,9,9007,Middletown,947290,541700,2019,2,9.01E+13,"Hartford-East Hartford-Middletown, CT",25540,metropolitan,"Hartford-East Hartford, CT",278,,
MedExpress Urgent Care Center Meriden,875 E. Main St.,Meriden,CT,6450,41.527402,-72.774451,1,rooftop,875,E Main St,,,Meriden,CT,New Haven County,6450,US,Connecticut Geospatial Information Systems Council,2019,9,9009,Meriden,946450,171200,2003,2,9.01E+13,"New Haven-Milford, CT",35300,metropolitan,"New York-Newark, NY-NJ-CT-PA",408,,
Westhill High School,125 Roxbury Road,Stamford,CT,6902,41.092078,-73.565165,1,rooftop,125,Roxbury Rd,,,Stamford,CT,Fairfield County,6902,US,City of Stamford,2019,9,9001,Stamford,973000,20500,3000,3,9.00E+13,"Bridgeport-Stamford-Norwalk, CT",14860,metropolitan,"New York-Newark, NY-NJ-CT-PA",408,,
"Stamford Hospital, Bennett Medical Center Campus",1 Hospital Plaza,Stamford,CT,6902,41.055154,-73.552322,1,rooftop,1,Hospital Plz,,,Stamford,CT,Fairfield County,6902,US,City of Stamford,2019,9,9001,Stamford,973000,21400,1001,1,9.00E+13,"Bridgeport-Stamford-Norwalk, CT",14860,metropolitan,"New York-Newark, NY-NJ-CT-PA",408,,
Rockville General Hospital,31 Union Street,Vernon,CT,6066,41.866431,-72.450924,1,rooftop,31,Union St,,,Vernon Rockville,CT,Tolland County,6066,US,Connecticut Geospatial Information Systems Council,2019,9,9013,Rockville,965230,530200,4000,4,9.01E+13,"Hartford-East Hartford-Middletown, CT",25540,metropolitan,"Hartford-East Hartford, CT",278,,
Fitch High School,1010 Groton Long Point Rd.,Groton,CT,6340,41.320044,-72.002918,1,range_interpolation,1010,Groton Long Point Rd,,,Groton,CT,New London County,6340,US,TIGER/Lineå¨ dataset from the US Census Bureau,2019,9,9011,Groton Long Point,934460,702900,3000,3,9.01E+13,"Norwich-New London, CT",35980,metropolitan,"Hartford-East Hartford, CT",278,,
AFC Urgent Care Shelton,389 Bridgeport Avenue,Shelton,CT,6484,41.295331,-73.109199,1,range_interpolation,389,Bridgeport Ave,,,Shelton,CT,Fairfield County,6484,US,TIGER/Lineå¨ dataset from the US Census Bureau,2019,9,9001,Shelton,968100,110301,4015,4,9.00E+13,"Bridgeport-Stamford-Norwalk, CT",14860,metropolitan,"New York-Newark, NY-NJ-CT-PA",408,,
AFC Urgent Care Bridgeport,161 Boston Avenue,Bridgeport,CT,6610,41.202577,-73.185994,1,rooftop,161,Boston Ave,,,Bridgeport,CT,Fairfield County,6610,US,City of Bridgeport,2019,9,9001,Bridgeport,908000,73400,3003,3,9.00E+13,"Bridgeport-Stamford-Norwalk, CT",14860,metropolitan,"New York-Newark, NY-NJ-CT-PA",408,,
AFC Urgent Care Norwalk,607 Main Ave,Norwalk,CT,6851,41.157076,-73.422774,1,rooftop,607,Main Ave,,,Norwalk,CT,Fairfield County,6851,US,City of Norwalk,2019,9,9001,Norwalk,955990,42700,1005,1,9.00E+13,"Bridgeport-Stamford-Norwalk, CT",14860,metropolitan,"New York-Newark, NY-NJ-CT-PA",408,,
CVS Health COVID-19 Drive Thru Testing Site - By Appointment Only,905 South Main Street,Chesire,CT,6410,41.480393,-72.906084,1,rooftop,905,S Main St,,,Cheshire,CT,New Haven County,6410,US,Connecticut Geospatial Information Systems Council,2019,9,9009,,,343400,1004,1,9.01E+13,"New Haven-Milford, CT",35300,metropolitan,"New York-Newark, NY-NJ-CT-PA",408,,
CVS Health COVID-19 Drive Thru Testing Site - By Appointment Only,961 Black Rock Turnpike,Fairfield,CT,6430,41.171917,-73.235845,0.9,range_interpolation,961,Black Rock Tpke,,,Fairfield,CT,Fairfield County,6825,US,TIGER/Lineå¨ dataset from the US Census Bureau,2019,9,9001,,,61300,2020,2,9.00E+13,"Bridgeport-Stamford-Norwalk, CT",14860,metropolitan,"New York-Newark, NY-NJ-CT-PA",408,,
CVS Health COVID-19 Drive Thru Testing Site - By Appointment Only,72 Berlin Road,Cromwell,CT,6416,41.602466,-72.691095,1,rooftop,72,Berlin Rd,,,Cromwell,CT,Middlesex County,6416,US,Connecticut Geospatial Information Systems Council,2019,9,9007,,,570100,2000,2,9.01E+13,"Hartford-East Hartford-Middletown, CT",25540,metropolitan,"Hartford-East Hartford, CT",278,,
Hartford HealthCare - GoHealth Urgent Care,"1445 New Britain Ave., Suite 1381",West Hartford,CT,6110,41.726217,-72.757385,1,rooftop,1445,New Britain Ave,Ste,1381,West Hartford,CT,Hartford County,6110,US,Connecticut Geospatial Information Systems Council,2019,9,9003,West Hartford,982660,496200,4000,4,9.00E+13,"Hartford-East Hartford-Middletown, CT",25540,metropolitan,"Hartford-East Hartford, CT",278,,
Hartford HealthCare - GoHealth Urgent Care,1215 Farmington Ave.,Bristol,CT,6010,41.697925,-72.903608,1,rooftop,1215,Farmington Ave,,,Bristol,CT,Hartford County,6010,US,Connecticut Geospatial Information Systems Council,2019,9,9003,Bristol,908420,406002,2000,2,9.00E+13,"Hartford-East Hartford-Middletown, CT",25540,metropolitan,"Hartford-East Hartford, CT",278,,
DOCS Urgent Care COVID-19 Rapid Testing Site - Waterbury (Chase Ave) - Walk Up,279 Chase Avenue,Waterbury,CT,6704,41.58115,-73.034571,1,rooftop,279,Chase Ave,,,Waterbury,CT,New Haven County,6704,US,City of Waterbury,2019,9,9009,Waterbury,980000,351000,1008,1,9.01E+13,"New Haven-Milford, CT",35300,metropolitan,"New York-Newark, NY-NJ-CT-PA",408,,
Charter Oak Health Center and Trinity Health of New England Mobile COVID-19 Testing Sites - Waterbury Area - Walk Up,38 W. Porter Street,Waterbury,CT,6708,41.543448,-73.047182,1,rooftop,38,W Porter St,,,Waterbury,CT,New Haven County,6708,US,City of Waterbury,2019,9,9009,Waterbury,980000,351700,2015,2,9.01E+13,"New Haven-Milford, CT",35300,metropolitan,"New York-Newark, NY-NJ-CT-PA",408,,
Charter Oak Health Center and Trinity Health of New England Mobile COVID-19 Testing Sites - Waterbury Area - Walk Up,64 Division Street,Waterbury,CT,6704,41.563509,-73.028316,1,range_interpolation,64,Division St,,,Waterbury,CT,New Haven County,6704,US,TIGER/Lineå¨ dataset from the US Census Bureau,2019,9,9009,Waterbury,980000,350300,2003,2,9.01E+13,"New Haven-Milford, CT",35300,metropolitan,"New York-Newark, NY-NJ-CT-PA",408,,
DOCS Urgent Care COVID-19 Rapid Testing Site - Waterbury (Frost Road) - Walk Up,506 Frost Road,Waterbury,CT,6705,41.552875,-73.000098,1,range_interpolation,506,Frost Rd,,,Waterbury,CT,New Haven County,6705,US,TIGER/Lineå¨ dataset from the US Census Bureau,2019,9,9009,Waterbury,980000,352600,3003,3,9.01E+13,"New Haven-Milford, CT",35300,metropolitan,"New York-Newark, NY-NJ-CT-PA",408,,
DOCS Urgent Care COVID-19 Rapid Testing Site - Southington - Walk Up,832 Queen Street,Southington,CT,6489,41.639338,-72.874063,1,range_interpolation,832,Queen St,,,Southington,CT,Hartford County,6489,US,TIGER/Lineå¨ dataset from the US Census Bureau,2019,9,9003,,,430601,3021,3,9.00E+13,"Hartford-East Hartford-Middletown, CT",25540,metropolitan,"Hartford-East Hartford, CT",278,,
CVS Pharmacy COVID-19 Testing Site - Cheshire - Drive Up,581 Highland Avenue,Cheshire,CT,6410,41.5136,-72.899269,1,rooftop,581,Highland Ave,,,Cheshire,CT,New Haven County,6410,US,Connecticut Geospatial Information Systems Council,2019,9,9009,Cheshire Village,914200,343102,1013,1,9.01E+13,"New Haven-Milford, CT",35300,metropolitan,"New York-Newark, NY-NJ-CT-PA",408,,
Community Health Center COVID-19 Testing Site - Meriden - Walk Up & Drive Up,134 State Street,Meriden,CT,6450,41.540963,-72.799029,1,rooftop,134,State St,,,Meriden,CT,New Haven County,6450,US,Connecticut Geospatial Information Systems Council,2019,9,9009,Meriden,946450,170100,1011,1,9.01E+13,"New Haven-Milford, CT",35300,metropolitan,"New York-Newark, NY-NJ-CT-PA",408,,
Community Health Center COVID-19 Testing Site - New Britain - Walk Up & Drive Up,85 Lafayette Street,New Britain,CT,6051,41.671389,-72.783253,1,rooftop,85,Lafayette St,,,New Britain,CT,Hartford County,6051,US,Connecticut Geospatial Information Systems Council,2019,9,9003,New Britain,950370,415900,1001,1,9.00E+13,"Hartford-East Hartford-Middletown, CT",25540,metropolitan,"Hartford-East Hartford, CT",278,,
DOCS Urgent Care COVID-19 Rapid Testing Site - New Milford - Walk Up,141A Danbury Road,New Milford,CT,6776,41.554705,-73.417114,1,range_interpolation,141,Danbury Rd,,,New Milford,CT,Litchfield County,6776,US,TIGER/Lineå¨ dataset from the US Census Bureau,2019,9,9005,,,253600,1027,1,9.01E+13,"Torrington, CT",45860,micropolitan,"New York-Newark, NY-NJ-CT-PA",408,,
Kathy's Urgent Care COVID-19 Rapid Testing Site - Berlin - Drive Up,175 Webster Square Road,Berlin,CT,6037,41.629242,-72.745692,1,range_interpolation,175,Webster Square Rd,,,Berlin,CT,Hartford County,6037,US,TIGER/Lineå¨ dataset from the US Census Bureau,2019,9,9003,,,400100,3055,3,9.00E+13,"Hartford-East Hartford-Middletown, CT",25540,metropolitan,"Hartford-East Hartford, CT",278,,
PM Pediatrics Urgent Care - COVID-19 Testing Sites - Walk Up,1459A New Britain Avenue,Newington,CT,6111,41.678774,-72.721277,1,range_interpolation,1459,New Britain Ave,,,Newington,CT,Hartford County,6111,US,TIGER/Lineå¨ dataset from the US Census Bureau,2019,9,9003,Newington,952210,494100,2009,2,9.00E+13,"Hartford-East Hartford-Middletown, CT",25540,metropolitan,"Hartford-East Hartford, CT",278,,
DOCS Urgent Care COVID-19 Rapid Testing Site - Hamden - Walk Up,1700 Dixwell Avenue,Hamden,CT,6514,41.358429,-72.926466,1,range_interpolation,1700,Dixwell Ave,,,Hamden,CT,New Haven County,6514,US,TIGER/Lineå¨ dataset from the US Census Bureau,2019,9,9009,,,165600,1026,1,9.01E+13,"New Haven-Milford, CT",35300,metropolitan,"New York-Newark, NY-NJ-CT-PA",408,,
Hartford Healthcare COVID-19 Testing Site - Newington - Drive Up,181 Patricia M Genova Drive,Newington,CT,6111,41.698131,-72.714295,1,rooftop,181,Patricia M Genova Dr,,,Newington,CT,Hartford County,6111,US,Connecticut Geospatial Information Systems Council,2019,9,9003,Newington,952210,494400,2000,2,9.00E+13,"Hartford-East Hartford-Middletown, CT",25540,metropolitan,"Hartford-East Hartford, CT",278,,
DOCS Urgent Care COVID-19 Rapid Testing Site - North Haven - Walk Up,163 Universal Drive,North Haven,CT,6473,41.360217,-72.870242,1,range_interpolation,163,Universal Dr N,,,North Haven,CT,New Haven County,6473,US,TIGER/Lineå¨ dataset from the US Census Bureau,2019,9,9009,North Haven,954940,167201,2049,2,9.01E+13,"New Haven-Milford, CT",35300,metropolitan,"New York-Newark, NY-NJ-CT-PA",408,,
DOCS Urgent Care COVID-19 Rapid Testing Site - Bethel - Walk Up,6 Stony Hill Road,Bethel,CT,6801,41.41742,-73.399894,1,rooftop,6,Stony Hill Rd,,,Bethel,CT,Fairfield County,6801,US,Connecticut Geospatial Information Systems Council,2019,9,9001,,,200301,3010,3,9.00E+13,"Bridgeport-Stamford-Norwalk, CT",14860,metropolitan,"New York-Newark, NY-NJ-CT-PA",408,,
Cornell Hill Health Center COVID-19 Testing Site - New Haven - Walk Up,226 Dixwell Avenue,New Haven,CT,6511,41.319073,-72.93462,1,rooftop,226,Dixwell Ave,,,New Haven,CT,New Haven County,6511,US,Connecticut Geospatial Information Systems Council,2019,9,9009,New Haven,952000,141600,3007,3,9.01E+13,"New Haven-Milford, CT",35300,metropolitan,"New York-Newark, NY-NJ-CT-PA",408,,
Cornell Hill Health Center COVID-19 Testing Site - Pop Up Events (ONE DAY ONLY) - New Flame Restoration Church,1375 State Street,New Haven,CT,6511,41.320481,-72.897227,1,rooftop,1375,State St,,,New Haven,CT,New Haven County,6511,US,City of New Haven,2019,9,9009,New Haven,952000,142500,1001,1,9.01E+13,"New Haven-Milford, CT",35300,metropolitan,"New York-Newark, NY-NJ-CT-PA",408,,
Wheeler Clinic COVID-19 Testing Site - Hartford (Woodland St) - Walk Up & Drive Up,43 Woodland Street ,Hartford,CT,6105,41.770601,-72.702788,1,rooftop,43,Woodland St,,,Hartford,CT,Hartford County,6105,US,Ciy of Hartford,2019,9,9003,Hartford,937000,503100,4001,4,9.00E+13,"Hartford-East Hartford-Middletown, CT",25540,metropolitan,"Hartford-East Hartford, CT",278,,
Community Health Center COVID-19 Testing Site - Hartford - Walk Up & Drive Up,76 New Britan Avenue,Hartford,CT,6106,41.746577,-72.686005,1,rooftop,76,New Britain Ave,,,Hartford,CT,Hartford County,6106,US,Ciy of Hartford,2019,9,9003,Hartford,937000,502700,2000,2,9.00E+13,"Hartford-East Hartford-Middletown, CT",25540,metropolitan,"Hartford-East Hartford, CT",278,,
Walgreens COVID-19 Rapid Testing Site - Middletown - Drive Up,10A Main Street,Middletown,CT,6457,41.557496,-72.646677,0.9,rooftop,10,Main St,,,Middletown,CT,Middlesex County,6457,US,Connecticut Geospatial Information Systems Council,2019,9,9007,Middletown,947290,541700,2004,2,9.01E+13,"Hartford-East Hartford-Middletown, CT",25540,metropolitan,"Hartford-East Hartford, CT",278,,
DOCS Urgent Care COVID-19 Rapid Testing Site - Orange - Walk Up,109 Boston Post Road,Orange,CT,6477,41.278755,-72.99153,1,rooftop,109,Boston Post Rd,,,Orange,CT,New Haven County,6477,US,Connecticut Geospatial Information Systems Council,2019,9,9009,Orange,957670,157100,2000,2,9.01E+13,"New Haven-Milford, CT",35300,metropolitan,"New York-Newark, NY-NJ-CT-PA",408,,
Kathy's Urgent Care - COVID-19 Rapid Testing Site - Wethersfield - Drive Up,672 Silas Deane Highway,Wethersfield,CT,6109,41.706539,-72.661595,1,range_interpolation,672,Silas Deane Hwy,,,Wethersfield,CT,Hartford County,6109,US,TIGER/Lineå¨ dataset from the US Census Bureau,2019,9,9003,Wethersfield,984970,492200,1008,1,9.00E+13,"Hartford-East Hartford-Middletown, CT",25540,metropolitan,"Hartford-East Hartford, CT",278,,
Saint Francis Hospital COVID-19 Testing Site - Drive Up,125 Woodland Street,Hartford,CT,6105,41.775713,-72.699406,1,rooftop,125,Woodland St,,,Hartford,CT,Hartford County,6105,US,Ciy of Hartford,2019,9,9003,Hartford,937000,524502,2010,2,9.00E+13,"Hartford-East Hartford-Middletown, CT",25540,metropolitan,"Hartford-East Hartford, CT",278,,
Charter Oak Health Center COVID-19 Testing Site - Walk Up,21 Grand Street,Hartford,CT,6106,41.759257,-72.685534,1,rooftop,21,Grand St,,,Hartford,CT,Hartford County,6106,US,Ciy of Hartford,2019,9,9003,Hartford,937000,503000,1013,1,9.00E+13,"Hartford-East Hartford-Middletown, CT",25540,metropolitan,"Hartford-East Hartford, CT",278,,
DOCS Urgent Care COVID-19 Rapid Testing Site - Danbury - Walk Up,One Padanaram Road,Danbury,CT,6811,41.42333,-73.478717,1,place,,,,,Danbury,CT,Fairfield County,6811,US,TIGER/Lineå¨ dataset from the US Census Bureau,2019,9,9001,Danbury,918430,211000,2007,2,9.00E+13,"Bridgeport-Stamford-Norwalk, CT",14860,metropolitan,"New York-Newark, NY-NJ-CT-PA",408,,
Stony Creek Urgent Care - COVID-19 Testing Site - Orange - Drive Up & Walk Up,236 Boston Post Road,Orange,CT,6477,41.268677,-72.998093,1,rooftop,236,Boston Post Rd,,,Orange,CT,New Haven County,6477,US,Connecticut Geospatial Information Systems Council,2019,9,9009,Orange,957670,157100,1018,1,9.01E+13,"New Haven-Milford, CT",35300,metropolitan,"New York-Newark, NY-NJ-CT-PA",408,,
Community Health Center COVID-19 Testing Site - Danbury - Walk Up & Drive Up,8 Delay street,Danbury,CT,6810,41.39563,-73.451371,1,range_interpolation,8,Delay St,,,Danbury,CT,Fairfield County,6810,US,TIGER/Lineå¨ dataset from the US Census Bureau,2019,9,9001,Danbury,918430,210100,2005,2,9.00E+13,"Bridgeport-Stamford-Norwalk, CT",14860,metropolitan,"New York-Newark, NY-NJ-CT-PA",408,,
Murphy Medical Associates COVID-19 Testing Site - Stratford - 6900 Main Street - Drive Up,6900 Main street,Stratford,CT,6614,41.251987,-73.095332,1,rooftop,6900,Main St,,,Stratford,CT,Fairfield County,6614,US,Connecticut Geospatial Information Systems Council,2019,9,9001,Stratford,974260,81300,4011,4,9.00E+13,"Bridgeport-Stamford-Norwalk, CT",14860,metropolitan,"New York-Newark, NY-NJ-CT-PA",408,,
First Choice Health Centers Covid-19 Testing Site - East Hartford - Walk up and drive up,110 Connecticut Boulevard,East Hartford,CT,6108,41.769567,-72.648808,1,range_interpolation,110,Connecticut Blvd,,,East Hartford,CT,Hartford County,6108,US,TIGER/Lineå¨ dataset from the US Census Bureau,2019,9,9003,East Hartford,922700,510200,1009,1,9.00E+13,"Hartford-East Hartford-Middletown, CT",25540,metropolitan,"Hartford-East Hartford, CT",278,,
First Choice Health Centers Covid-19 Testing Site - East Hartford - Walk up and drive up,94 Connecticut Boulevard,East Hartford,CT,6108,41.769567,-72.648196,1,range_interpolation,94,Connecticut Blvd,,,East Hartford,CT,Hartford County,6108,US,TIGER/Lineå¨ dataset from the US Census Bureau,2019,9,9003,East Hartford,922700,510200,1009,1,9.00E+13,"Hartford-East Hartford-Middletown, CT",25540,metropolitan,"Hartford-East Hartford, CT",278,,
Stony Creek Urgent Care - COVID-19 Testing Site - Branford - Drive up & Walk up,6 Business Park Drive Suite 302,Branford,CT,6405,41.296722,-72.768504,0.9,rooftop,12-Jun,Business Pk Dr,Ste,302,Branford,CT,New Haven County,6405,US,Connecticut Geospatial Information Systems Council,2019,9,9009,,,184700,1030,1,9.01E+13,"New Haven-Milford, CT",35300,metropolitan,"New York-Newark, NY-NJ-CT-PA",408,,
DOCS Urgent Care COVID-19 Rapid Testing Site - Bridgeport - Walk Up,1677 East Main street,Bridgeport,CT,6608,41.197584,-73.18043,1,range_interpolation,1677,E Main St,,,Bridgeport,CT,Fairfield County,6608,US,TIGER/Lineå¨ dataset from the US Census Bureau,2019,9,9001,Bridgeport,908000,73500,1002,1,9.00E+13,"Bridgeport-Stamford-Norwalk, CT",14860,metropolitan,"New York-Newark, NY-NJ-CT-PA",408,,
Bridgeport Hospital COVID-19 Testing Site - Drive Up,226 Mill Hill Ave,Bridgeport,CT,6610,41.189434,-73.164929,1,rooftop,226,Mill Hill Ave,,,Bridgeport,CT,Fairfield County,6610,US,City of Bridgeport,2019,9,9001,Bridgeport,908000,73700,3008,3,9.00E+13,"Bridgeport-Stamford-Norwalk, CT",14860,metropolitan,"New York-Newark, NY-NJ-CT-PA",408,,
Optimus Health Care - COVID-19 Testing Site - Bridgeport,982 East Main street,Bridgeport,CT,6608,41.188055,-73.180568,1,range_interpolation,982,E Main St,,,Bridgeport,CT,Fairfield County,6608,US,TIGER/Lineå¨ dataset from the US Census Bureau,2019,9,9001,Bridgeport,908000,73800,3009,3,9.00E+13,"Bridgeport-Stamford-Norwalk, CT",14860,metropolitan,"New York-Newark, NY-NJ-CT-PA",408,,
Southwest Community Health Center COVID-19 Testing Site - Fairfield Avenue - Walk Up,968 Fairfield Avenue,Bridgeport,CT,6605,41.174614,-73.203095,1,rooftop,968,Fairfield Ave,,,Bridgeport,CT,Fairfield County,6605,US,City of Bridgeport,2019,9,9001,Bridgeport,908000,71200,4002,4,9.00E+13,"Bridgeport-Stamford-Norwalk, CT",14860,metropolitan,"New York-Newark, NY-NJ-CT-PA",408,,
Southwest Community Health Center COVID-19 Testing Site - Clinton Ave - Drive Up,510 Clinton Avenue,Bridgeport,CT,6605,41.174973,-73.209623,1,rooftop,510,Clinton Ave,,,Bridgeport,CT,Fairfield County,6605,US,City of Bridgeport,2019,9,9001,Bridgeport,908000,71100,1011,1,9.00E+13,"Bridgeport-Stamford-Norwalk, CT",14860,metropolitan,"New York-Newark, NY-NJ-CT-PA",408,,
DOCS Urgent Care COVID-19 Rapid Testing Site - Fairfield - Walk Up,525 Tunxis hill cut off,Fairfield,CT,6825,41.177785,-73.240855,1,rooftop,525,Tunxis Hill Cutoff,,,Fairfield,CT,Fairfield County,6825,US,Town of Fairfield,2019,9,9001,,,61000,2005,2,9.00E+13,"Bridgeport-Stamford-Norwalk, CT",14860,metropolitan,"New York-Newark, NY-NJ-CT-PA",408,,
"InterCommunity, Inc. COVID-19 Testing Site - South Windsor - Walk Up",828 Sullivan Ave,South Windsor,CT,6074,41.848311,-72.568499,1,rooftop,828,Sullivan Ave,,,South Windsor,CT,Hartford County,6074,US,Connecticut Geospatial Information Systems Council,2019,9,9003,,,487100,4013,4,9.00E+13,"Hartford-East Hartford-Middletown, CT",25540,metropolitan,"Hartford-East Hartford, CT",278,,
First Choice Health Centers COVID 19 Testing Site ‰ÛÒ Manchester ‰ÛÒ Walk Up & Drive Up,150 North Main street,Manchester,CT,6042,41.794594,-72.524557,1,rooftop,150,N Main St,,,Manchester,CT,Hartford County,6042,US,City of Manchester,2019,9,9003,Manchester,944690,514400,1000,1,9.00E+13,"Hartford-East Hartford-Middletown, CT",25540,metropolitan,"Hartford-East Hartford, CT",278,,
Hartford Healthcare COVID-19 Testing Site - Westport - Drive Up,47 Long lots road,Westport ,CT,6880,41.143984,-73.332186,1,rooftop,47,Long Lots Rd,,,Westport,CT,Fairfield County,6880,US,Connecticut Geospatial Information Systems Council,2019,9,9001,Westport,983570,50300,4010,4,9.00E+13,"Bridgeport-Stamford-Norwalk, CT",14860,metropolitan,"New York-Newark, NY-NJ-CT-PA",408,,
Priority Urgent Care COVID-19 Testing Site - Ellington - Drive Up,105 West Road,Ellington,CT,6029,41.881407,-72.4633,1,rooftop,105,West Rd,,,Ellington,CT,Tolland County,6029,US,Connecticut Geospatial Information Systems Council,2019,9,9013,,,535200,3031,3,9.01E+13,"Hartford-East Hartford-Middletown, CT",25540,metropolitan,"Hartford-East Hartford, CT",278,,
Community Health Center COVID-19 Testing Site - Norwalk - Walk Up & Drive Up,49 Day Street,Norwalk,CT,6854,41.094027,-73.417685,1,rooftop,49,Day St,,,Norwalk,CT,Fairfield County,6854,US,City of Norwalk,2019,9,9001,Norwalk,955990,44100,2009,2,9.00E+13,"Bridgeport-Stamford-Norwalk, CT",14860,metropolitan,"New York-Newark, NY-NJ-CT-PA",408,,
DOCS Urgent Care COVID-19 Rapid Testing Site - Norwalk - Walk Up,67 Connecticut Avenue,Norwalk,CT,6854,41.107081,-73.422894,0.9,range_interpolation,67,Connecticut Ave,,,Norwalk,CT,Fairfield County,6850,US,TIGER/Lineå¨ dataset from the US Census Bureau,2019,9,9001,Norwalk,955990,43800,3013,3,9.00E+13,"Bridgeport-Stamford-Norwalk, CT",14860,metropolitan,"New York-Newark, NY-NJ-CT-PA",408,,
Community Health Center COVID-19 Testing Site - Stamford - Walk Up & Drive Up,22 Fifth street,Stamford,CT,6905,41.066219,-73.543389,1,rooftop,22,5th St,,,Stamford,CT,Fairfield County,6905,US,City of Stamford,2019,9,9001,Stamford,973000,21600,3000,3,9.00E+13,"Bridgeport-Stamford-Norwalk, CT",14860,metropolitan,"New York-Newark, NY-NJ-CT-PA",408,,
Generations Family Health Center COVID-19 Testing Site - Walk Up & Drive Up,40 Mansfield Ave,Willimantic ,CT,6226,41.714896,-72.224769,1,range_interpolation,40,Mansfield Ave,,,Willimantic,CT,Windham County,6226,US,TIGER/Lineå¨ dataset from the US Census Bureau,2019,9,9015,Willimantic,985810,800300,2003,2,9.02E+13,"Worcester, MA-CT",49340,metropolitan,"Boston-Worcester-Providence, MA-RI-NH-CT",148,,
Optimus Health Care - COVID-19 Testing Site - Stamford,805 Atlantic street,Stamford,CT,6902,41.043378,-73.541887,1,rooftop,805,Atlantic St,,,Stamford,CT,Fairfield County,6902,US,City of Stamford,2019,9,9001,Stamford,973000,22200,2010,2,9.00E+13,"Bridgeport-Stamford-Norwalk, CT",14860,metropolitan,"New York-Newark, NY-NJ-CT-PA",408,,
Windham Community Memorial Hospital - COVID-19 Testing Site - Drive UP,132 Mansfield Avenue,Willimantic ,CT,6226,41.717494,-72.223919,1,range_interpolation,132,Mansfield Ave,,,Willimantic,CT,Windham County,6226,US,TIGER/Lineå¨ dataset from the US Census Bureau,2019,9,9015,Willimantic,985810,800300,2001,2,9.02E+13,"Worcester, MA-CT",49340,metropolitan,"Boston-Worcester-Providence, MA-RI-NH-CT",148,,
United Community and Family Services COVID-19 Testing Site - The Edward & Mary Lord Family Health Center - Walk Up & Drive Up,47 Town street,Norwich,CT,6360,41.547117,-72.092126,1,range_interpolation,47,Town St,,,Norwich,CT,New London County,6360,US,TIGER/Lineå¨ dataset from the US Census Bureau,2019,9,9011,Norwich,956200,696300,1016,1,9.01E+13,"Norwich-New London, CT",35980,metropolitan,"Hartford-East Hartford, CT",278,,
Community Health Center COVID-19 Testing Site - New London - Walk Up & Drive Up,1 Shaws Cove,New London,CT,6320,41.34655,-72.101714,1,range_interpolation,1,Shaws Cv,,,New London,CT,New London County,6320,US,TIGER/Lineå¨ dataset from the US Census Bureau,2019,9,9011,New London,952280,690700,1014,1,9.01E+13,"Norwich-New London, CT",35980,metropolitan,"Hartford-East Hartford, CT",278,,
United Community and Family Services COVID-19 Testing Site - Griswold Health Center - Walk Up & Drive Up,226 East main street,Jewett City,CT,6351,41.611364,-71.973276,1,range_interpolation,226,E Main St,,,Jewett City,CT,New London County,6351,US,TIGER/Lineå¨ dataset from the US Census Bureau,2019,9,9011,,,709200,2015,2,9.01E+13,"Norwich-New London, CT",35980,metropolitan,"Hartford-East Hartford, CT",278,,
Community Health Center COVID-19 Testing Site - Middletown - Walk Up & Drive Up,19 Grand Street,Middletown,CT,6457,41.564527,-72.65322,1,rooftop,19,Grand St,,,Middletown,CT,Middlesex County,6457,US,Connecticut Geospatial Information Systems Council,2019,9,9007,Middletown,947290,541100,2005,2,9.01E+13,"Hartford-East Hartford-Middletown, CT",25540,metropolitan,"Hartford-East Hartford, CT",278,,
DOCS Urgent Care COVID-19 Rapid Testing Site - Bridgeport - Walk Up,1677 East Main street,Bridgeport,CT,6608,41.197584,-73.18043,1,range_interpolation,1677,E Main St,,,Bridgeport,CT,Fairfield County,6608,US,TIGER/Lineå¨ dataset from the US Census Bureau,2019,9,9001,Bridgeport,908000,73500,1002,1,9.00E+13,"Bridgeport-Stamford-Norwalk, CT",14860,metropolitan,"New York-Newark, NY-NJ-CT-PA",408,,
